user_id,math,science,english,history
1,0.028480856077300148,0.4919026850521164,-0.011330737742245528,0.49094719661282904
